     Flute1  Id            ;Mode ;CAP_E  ; CAP_W ; VDPPoly;   ;   VDPStop;  ;  VdPStrip;  ; FET_Vth ; C_acc  ;  t_ox  ;  VFB_Deb  ; Nox_Deb
                           ; ; [pF] ;  [pF] ;[kOhm/sq];  ;  [kOhm/sq]; ;  [Ohm/sq];  ;   [V] ;   [pF]  ;  [um]  ;    [V]    ; [cm^{-2}] 
                           ; ;      ;       ; stad ; rot ; stad ;  rot ; stad ;  rot ;        ; ; ; ; 
     Spec Limit            ; ;>2.028 ;>2.028 ; 2.2-2.4 ;2.2-2.4 ;18- 20 ;18 - 20 ;32 - 35 ;32 - 35 ; ;  ~82 ;  0.7 ;  <5 ;  
VPX37897_005_2-S_HM_E_Left;Quick;2.44431;2.44382;1.98383;1.95107;17.9572;17.8569;34.6147;34.7057;4.0955;86.8117;0.661934;-2.68873;6.11992e+10
VPX37897_005_2-S_HM_W_Left;Quick;2.45637;2.4702;1.96574;1.98396;18.566;18.5834;34.5418;35.4933;4.04645;85.8202;0.669581;-2.74599;6.18715e+10
VPX37897_018_2-S_HM_E_Left;Quick;2.445;2.47363;1.99231;1.97885;18.5378;18.6844;34.349;35.0352;3.96126;86.4122;0.664994;-2.83452;6.53438e+10
VPX37897_018_2-S_HM_W_Left;Quick;2.4452;2.46951;1.9741;1.9578;18.9212;18.8336;34.5227;35.4382;3.99369;85.6702;0.670753;-2.78023;6.30361e+10
VPX37897_043_2-S_HM_E_Left;Quick;2.46667;2.47088;1.9351;1.95042;18.4209;18.7977;34.3913;35.0063;4.21842;87.6017;0.655964;-2.67034;6.09307e+10
VPX37897_043_2-S_HM_W_Left;Quick;2.45549;2.46265;1.95792;1.94302;18.8769;18.9268;35.0057;35.2109;3.97508;86.9085;0.661196;-2.78053;6.39299e+10
