     Flute2  Id            ;Mode ; DielNE ; DielNW ; DielSW  ;  LineW_Pstop ;  ;LineW_Strip ;  ; RPoly ; GCD I_surf   ;  GCD S_0   ; GCD Vfb_Acc_Dep
                           ;     ;   [V]    ; [V]    ; [V]     ;  [um]        ;  ;[um]        ;   ;[MOhm] ;   [pA]       ;  [cm/sec]  ;    [V]      
                           ;     ;        ;        ;         ; stad    ; rot     ; stad  ;    rot ;   ;       ;              ;            ; 
     Spec Limit            ;     ;>150    ;>150    ; >150    ;         ;       ;        ;      ;       ;              ;            ;  
VPX37897_005_2-S_HM_E_Left;Quick;200;200;200;49.0775;48.8033;33.6194;33.7078;1.51755;4.77913;1.18508;-2.76276
VPX37897_005_2-S_HM_W_Left;Quick;200;200;200;49.3985;49.4448;34.2396;35.1828;1.52939;4.68227;1.21305;-2.82282
VPX37897_018_2-S_HM_E_Left;Quick;200;200;200;49.8598;50.2542;33.5081;34.1775;1.53424;4.823;1.19596;-2.83784
VPX37897_018_2-S_HM_W_Left;Quick;200;200;200;49.1294;48.9019;33.5254;34.4144;1.52314;5.0254;1.12244;-2.88288
VPX37897_043_2-S_HM_E_Left;Quick;200;200;200;50.2538;51.2818;33.794;34.3983;1.50935;4.9118;1.0415;-2.68769
VPX37897_043_2-S_HM_W_Left;Quick;200;200;200;49.0535;49.1832;33.7443;33.9421;1.51501;4.99807;1.069;-2.74775
