     Flute2  Id            ;Mode ; DielNE ; DielNW ; DielSW  ;  LineW_Pstop ;  ;LineW_Strip ;  ; RPoly ; GCD I_surf   ;  GCD S_0   ; GCD Vfb_Acc_Dep
                           ;     ;   [V]    ; [V]    ; [V]     ;  [um]        ;  ;[um]        ;   ;[MOhm] ;   [pA]       ;  [cm/sec]  ;    [V]      
                           ;     ;        ;        ;         ; stad    ; rot     ; stad  ;    rot ;   ;       ;              ;            ; 
     Spec Limit            ;     ;>150    ;>150    ; >150    ;         ;       ;        ;      ;       ;              ;            ;  
VPX37400_006_2-S_HM_E_Left;Quick;200;200;200;48.4612;47.4164;34.1009;34.2372;1.42479;6.21733;1.24108;-2.85285
VPX37400_006_2-S_HM_W_Left;Quick;200;200;200;48.0648;47.3096;33.5953;33.7455;1.61219;5.79707;1.21864;-2.97297
VPX37400_019_2-S_HM_E_Left;Quick;200;200;200;49.6186;49.172;33.5495;33.5526;1.44807;6.29633;1.19371;-2.95796
VPX37400_019_2-S_HM_W_Left;Quick;200;200;200;48.1561;48.3033;33.9981;34.1305;1.4151;6.599;1.22984;-3.07808
VPX37400_049_2-S_HM_E_Left;Quick;200;200;200;47.9668;47.6922;33.485;32.5056;1.45484;6.0898;1.11568;-2.83784
VPX37400_049_2-S_HM_W_Left;Quick;200;200;200;47.1254;47.9424;34.05;34.2913;1.4791;5.75307;1.24117;-2.95796
