     Flute2  Id            ;Mode ; DielNE ; DielNW ; DielSW  ;  LineW_Pstop ;  ;LineW_Strip ;  ; RPoly ; GCD I_surf   ;  GCD S_0   ; GCD Vfb_Acc_Dep
                           ;     ;   [V]    ; [V]    ; [V]     ;  [um]        ;  ;[um]        ;   ;[MOhm] ;   [pA]       ;  [cm/sec]  ;    [V]      
                           ;     ;        ;        ;         ; stad    ; rot     ; stad  ;    rot ;   ;       ;              ;            ; 
     Spec Limit            ;     ;>150    ;>150    ; >150    ;         ;       ;        ;      ;       ;              ;            ;  
VPX37408_010_2-S_HM_E_Left;Quick;200;200;200;49.894;49.6351;34.0916;35.1198;1.56585;5.01517;1.10089;-2.83784
VPX37408_010_2-S_HM_W_Left;Quick;200;200;200;50.4815;51.0544;33.8601;33.8189;1.49823;5.59053;1.07824;-2.94294
VPX37408_021_2-S_HM_E_Left;Quick;200;200;200;49.6574;49.732;33.7279;33.3234;1.54676;5.73667;1.10643;-2.85285
VPX37408_021_2-S_HM_W_Left;Quick;200;200;200;49.767;49.6521;33.8035;33.4586;1.50918;5.64873;1.20816;-3.003
VPX37408_046_2-S_HM_E_Left;Quick;200;190;200;49.8956;49.865;34.0246;34.1206;1.57086;5.22647;1.13737;-2.74775
VPX37408_046_2-S_HM_W_Left;Quick;200;200;200;49.4166;48.8449;33.9482;33.9689;1.52537;5.2232;1.14655;-2.83784
