     Flute2  Id            ;Mode ; DielNE ; DielNW ; DielSW  ;  LineW_Pstop ;  ;LineW_Strip ;  ; RPoly ; GCD I_surf   ;  GCD S_0   ; GCD Vfb_Acc_Dep
                           ;     ;   [V]    ; [V]    ; [V]     ;  [um]        ;  ;[um]        ;   ;[MOhm] ;   [pA]       ;  [cm/sec]  ;    [V]      
                           ;     ;        ;        ;         ; stad    ; rot     ; stad  ;    rot ;   ;       ;              ;            ; 
     Spec Limit            ;     ;>150    ;>150    ; >150    ;         ;       ;        ;      ;       ;              ;            ;  
VPX37401_009_2-S_HM_E_Left;Quick;200;200;200;48.8688;49.0787;33.9547;33.9222;1.44193;4.72517;1.01063;-2.47748
VPX37401_009_2-S_HM_W_Left;Quick;200;200;200;46.7057;46.3916;33.3728;33.4584;1.45701;4.60133;1.03668;-2.62763
VPX37401_026_2-S_HM_E_Left;Quick;200;200;200;49.1928;48.9612;33.4861;33.6477;1.44512;4.24167;0.980898;-2.38739
VPX37401_026_2-S_HM_W_Left;Quick;200;200;200;47.3497;47.3347;33.7969;33.8365;1.45529;4.43407;0.855197;-2.50751
VPX37401_041_2-S_HM_E_Left;Quick;200;200;200;51.8837;52.077;32.4761;33.6263;1.43593;5.15573;0.960862;-2.4024
VPX37401_041_2-S_HM_W_Left;Quick;200;200;200;46.3176;47.81;33.5857;33.6599;1.4808;5.08253;0.98872;-2.49249
